Stages,C_Pt_in [M],C_Pd_in [M],C_Rh_in [M],q_Pt_in [mol PGM/mol ddFc],q_Pd_in [mol PGM/mol ddFc],q_Rh_in [mol PGM/mol ddFc],C_Pt_out [M],C_Pd_out [M],C_Rh_out [M],q_Pt_out [mol PGM/mol ligand],q_Pd_out [mol PGM/mol ligand],q_Rh_out [mol PGM/mol ligand],Q_org [L/time],Rh Recovery [%],PPM Mass Total [mg/L],Rh Relative Purity [%],Q_aq [L/time],C_lig [L/time],Q_aq/(Q_org*C_lig) [1/M]
3,0.0015414358509205455,0.0015414358509205455,0.0003425413002045657,0,0,0,1.6300322700897305e-05,7.446845199782127e-07,0.00032385513719619907,0.004648362764806019,0.0006240054634694966,0.0016204345701664245,0.18893251279295967,94.54484379045468,500,95,1,0.1,52.92895252474849
4,0.0015414358509205455,0.0015414358509205455,0.0003425413002045657,0,0,0,1.720893279507947e-05,2.87655969673507e-07,0.0003324351865303045,0.004851051130042151,0.00023826900955626316,0.0016442422246887606,0.1395783348645048,97.04966564083635,500,95,1,0.1,71.64435662388054
5,0.0015414358509205455,0.0015414358509205455,0.0003425413002045657,0,0,0,1.7558350721664452e-05,1.0504939194982835e-07,0.000335604601661474,0.004928649137911023,8.664629172515744e-05,0.0016529091657034778,0.12135123815242477,97.97493074880339,500,95,1,0.1,82.40542208097928
6,0.0015414358509205455,0.0015414358509205455,0.0003425413002045657,0,0,0,1.7693868495337393e-05,3.716961560692776e-08,0.0003368897228240965,0.0049581859617118165,3.060556073249173e-05,0.001656397920977885,0.11396073088318111,98.3501033664863,500,95,1,0.1,87.74952496795412
